ACK_ID,FORM_PLAN_YEAR_BEGIN_DATE,FORM_TAX_PRD,TYPE_PLAN_ENTITY_CD,TYPE_DFE_PLAN_ENTITY_CD,INITIAL_FILING_IND,AMENDED_IND,FINAL_FILING_IND,SHORT_PLAN_YR_IND,COLLECTIVE_BARGAIN_IND,F5558_APPLICATION_FILED_IND,EXT_AUTOMATIC_IND,DFVC_PROGRAM_IND,EXT_SPECIAL_IND,EXT_SPECIAL_TEXT,PLAN_NAME,SPONS_DFE_PN,PLAN_EFF_DATE,SPONSOR_DFE_NAME,SPONS_DFE_DBA_NAME,SPONS_DFE_CARE_OF_NAME,SPONS_DFE_MAIL_US_ADDRESS1,SPONS_DFE_MAIL_US_ADDRESS2,SPONS_DFE_MAIL_US_CITY,SPONS_DFE_MAIL_US_STATE,SPONS_DFE_MAIL_US_ZIP,SPONS_DFE_MAIL_FOREIGN_ADDR1,SPONS_DFE_MAIL_FOREIGN_ADDR2,SPONS_DFE_MAIL_FOREIGN_CITY,SPONS_DFE_MAIL_FORGN_PROV_ST,SPONS_DFE_MAIL_FOREIGN_CNTRY,SPONS_DFE_MAIL_FORGN_POSTAL_CD,SPONS_DFE_LOC_US_ADDRESS1,SPONS_DFE_LOC_US_ADDRESS2,SPONS_DFE_LOC_US_CITY,SPONS_DFE_LOC_US_STATE,SPONS_DFE_LOC_US_ZIP,SPONS_DFE_LOC_FOREIGN_ADDRESS1,SPONS_DFE_LOC_FOREIGN_ADDRESS2,SPONS_DFE_LOC_FOREIGN_CITY,SPONS_DFE_LOC_FORGN_PROV_ST,SPONS_DFE_LOC_FOREIGN_CNTRY,SPONS_DFE_LOC_FORGN_POSTAL_CD,SPONS_DFE_EIN,SPONS_DFE_PHONE_NUM,BUSINESS_CODE,ADMIN_NAME,ADMIN_CARE_OF_NAME,ADMIN_US_ADDRESS1,ADMIN_US_ADDRESS2,ADMIN_US_CITY,ADMIN_US_STATE,ADMIN_US_ZIP,ADMIN_FOREIGN_ADDRESS1,ADMIN_FOREIGN_ADDRESS2,ADMIN_FOREIGN_CITY,ADMIN_FOREIGN_PROV_STATE,ADMIN_FOREIGN_CNTRY,ADMIN_FOREIGN_POSTAL_CD,ADMIN_EIN,ADMIN_PHONE_NUM,LAST_RPT_SPONS_NAME,LAST_RPT_SPONS_EIN,LAST_RPT_PLAN_NUM,ADMIN_SIGNED_DATE,ADMIN_SIGNED_NAME,SPONS_SIGNED_DATE,SPONS_SIGNED_NAME,DFE_SIGNED_DATE,DFE_SIGNED_NAME,TOT_PARTCP_BOY_CNT,TOT_ACTIVE_PARTCP_CNT,RTD_SEP_PARTCP_RCVG_CNT,RTD_SEP_PARTCP_FUT_CNT,SUBTL_ACT_RTD_SEP_CNT,BENEF_RCVG_BNFT_CNT,TOT_ACT_RTD_SEP_BENEF_CNT,PARTCP_ACCOUNT_BAL_CNT,SEP_PARTCP_PARTL_VSTD_CNT,CONTRIB_EMPLRS_CNT,TYPE_PENSION_BNFT_CODE,TYPE_WELFARE_BNFT_CODE,FUNDING_INSURANCE_IND,FUNDING_SEC412_IND,FUNDING_TRUST_IND,FUNDING_GEN_ASSET_IND,BENEFIT_INSURANCE_IND,BENEFIT_SEC412_IND,BENEFIT_TRUST_IND,BENEFIT_GEN_ASSET_IND,SCH_R_ATTACHED_IND,SCH_MB_ATTACHED_IND,SCH_SB_ATTACHED_IND,SCH_H_ATTACHED_IND,SCH_I_ATTACHED_IND,SCH_A_ATTACHED_IND,NUM_SCH_A_ATTACHED_CNT,SCH_C_ATTACHED_IND,SCH_D_ATTACHED_IND,SCH_G_ATTACHED_IND,FILING_STATUS,DATE_RECEIVED,VALID_ADMIN_SIGNATURE,VALID_DFE_SIGNATURE,VALID_SPONSOR_SIGNATURE,ADMIN_PHONE_NUM_FOREIGN,SPONS_DFE_PHONE_NUM_FOREIGN,ADMIN_NAME_SAME_SPON_IND,ADMIN_ADDRESS_SAME_SPON_IND,PREPARER_NAME,PREPARER_FIRM_NAME,PREPARER_US_ADDRESS1,PREPARER_US_ADDRESS2,PREPARER_US_CITY,PREPARER_US_STATE,PREPARER_US_ZIP,PREPARER_FOREIGN_ADDRESS1,PREPARER_FOREIGN_ADDRESS2,PREPARER_FOREIGN_CITY,PREPARER_FOREIGN_PROV_STATE,PREPARER_FOREIGN_CNTRY,PREPARER_FOREIGN_POSTAL_CD,PREPARER_PHONE_NUM,PREPARER_PHONE_NUM_FOREIGN,TOT_ACT_PARTCP_BOY_CNT,SUBJ_M1_FILING_REQ_IND,COMPLIANCE_M1_FILING_REQ_IND,M1_RECEIPT_CONFIRMATION_CODE,ADMIN_MANUAL_SIGNED_DATE,ADMIN_MANUAL_SIGNED_NAME,LAST_RPT_PLAN_NAME,SPONS_MANUAL_SIGNED_DATE,SPONS_MANUAL_SIGNED_NAME,DFE_MANUAL_SIGNED_DATE,DFE_MANUAL_SIGNED_NAME
20180221161428P040094915783001,2017-01-01,2017-12-31,2,,0,0,0,0,0,0,0,0,0,,MECHANICAL SOLUTIONS INC 401(K) PLAN,1,2008-01-01,"MECHANICAL SOLUTIONS, INC.",,,PO BOX 111648,,ANCHORAGE,AK,99511,,,,,,,2261 CINNABAR LOOP #B,,ANCHORAGE,AK,99507,,,,,,,260391445,9073349322,423700,,,,,,,,,,,,,,,,,,,2018-02-21T16:11:13-0600,ERNEST BELANGER III,,,,,5,4,0,1,5,0,5,5,0,,2A2E2F2G2J2K2R3D,,0,0,1,0,0,0,1,0,0,0,0,0,1,0,0,0,0,0,FILING_RECEIVED,2018-02-21,Filed with authorized/valid electronic signature,,,,,1,,,,,,,,,,,,,,,,,5,,,,,,,,,,
20180226154305P030104248711001,2017-01-01,2017-12-31,2,,0,0,0,0,0,0,0,0,0,,SPECIALTY INSURANCE AGENCY 401(K) PLAN,1,2014-01-01,SPECIALTY INSURANCE AGENCY,,,2076 170TH STREET,,NEW RICHMOND,WI,54017,,,,,,,,,,,,,,,,,,204394623,7152467489,524210,,,,,,,,,,,,,,,,,,,2018-02-26T15:41:26-0600,STEPHANIE WEISS,,,,,4,5,0,0,5,0,5,5,0,,2E2J2K2F2G3D2T3B,,1,0,1,0,1,0,1,0,1,0,0,0,1,1,1,0,1,0,FILING_RECEIVED,2018-02-26,Filed with authorized/valid electronic signature,,,,,1,,,,,,,,,,,,,,,,,4,,,,,,,,,,
20180223152851P040100051703001,2012-09-01,2012-12-31,2,,1,0,0,1,0,0,0,1,0,,HOOSIER PARK HEALTH & WELLNESS CENTER PLAN,525,2012-09-01,"NEW CENTAUR, LLC",,,10 W. MARKET ST.,SUITE 200,INDIANAPOLIS,IN,46204,,,,,,,,,,,,,,,,,,451272553,3176568787,713200,,,,,,,,,,,,,,,,,,,2018-02-23T15:20:34-0600,ROLAND LUCIANI,2018-02-23T15:20:34-0600,ROLAND LUCIANI,,,1100,987,0,0,987,,,,,,,4A,,,,1,,,,1,,,,,,,,,,,FILING_RECEIVED,2018-02-23,Filed with authorized/valid electronic signature,,Filed with authorized/valid electronic signature,,,1,,,,,,,,,,,,,,,,,1100,2,,,,,,,,,
20180108193032P030007418141001,2017-01-05,2017-07-31,2,,1,,1,1,,,,,,,"STEVEN KING ENTERPRISES, INC. RETIREMENT PLAN",1,2017-01-05,"STEVEN KING ENTERPRISES, INC.",,,4117 VICTORIA DRIVE,,HOFFMAN ESTATES,IL,60192,,,,,,,,,,,,,,,,,,814876480,8474142919,722511,,,,,,,,,,,,,,,,,,,2018-01-08T19:28:53-0600,STEVEN M. KING,,,,,1,0,0,0,0,0,0,0,0,,2E2G2R3D,,,,1,,,,1,,1,,,,1,,,,,,FILING_RECEIVED,2018-01-08,Filed with authorized/valid electronic signature,,,,,1,,,,,,,,,,,,,,,,,1,,,,,,,,,,
20180223155155P040100114071001,2017-01-01,2017-12-31,2,,0,0,0,0,0,0,0,0,0,,TRINITAS ANESTHESIA ASSOCIATES CASH BALANCE PLAN,2,2008-01-01,"TRINITAS ANESTHESIA ASSOCIATES, LLC",,,PO BOX 527,,UNION,NJ,7083,,,,,,,,,,,,,,,,,,113668701,9089945204,621111,,,,,,,,,,,,,,,,,,,2018-02-23T15:50:56-0600,LEON PIRAK,,,,,15,13,0,2,15,1,16,,0,,1B1C3B,,0,0,1,0,0,0,1,0,1,0,1,0,1,0,0,0,0,0,FILING_RECEIVED,2018-02-23,Filed with authorized/valid electronic signature,,,,,1,,,,,,,,,,,,,,,,,13,,,,,,,,,,
20180223174218P040100378663001,2008-01-01,2008-12-31,2,,0,0,0,0,0,0,0,1,0,,MANN PACKING COMPANY MEDICAL BENEFIT PLAN,504,2007-01-01,"MANN PACKING CO., INC.",,,1250 HANSEN ST,,SALINAS,CA,939014552,,,,,,,1250 HANSEN ST,,SALINAS,CA,939014552,,,,,,,942176045,8314227405,331400,,,,,,,,,,,,,,,,,,,2018-02-23T17:09:24-0600,JEFFREY COOK,2018-02-23T17:09:25-0600,JEFFREY COOK,,,141,151,0,,151,,151,,,,,4A,0,0,0,1,0,0,0,1,0,0,0,0,0,0,,0,0,0,FILING_RECEIVED,2018-02-23,Filed with authorized/valid electronic signature,,Filed with authorized/valid electronic signature,,,1,,,,,,,,,,,,,,,,,,2,,,,,,,,,
20180131173729P040059020727001,2011-07-01,2012-06-30,2,,0,0,0,0,0,0,0,1,0,,"METHODIST HOSPITAL, INC. 403(B) PLAN",6,1975-07-01,METHODIST HOSPITAL,,,1305 NORTH ELM STREET,,HENDERSON,KY,42420,,,,,,,,,,,,,,,,,,610461753,2708277293,622000,,,,,,,,,,,,,,,,,,,2018-01-31T17:37:07-0600,TY KAHLE,,,,,1466,1062,0,387,1449,,1449,1018,,,2L2M2F,,1,0,1,0,1,0,1,0,1,0,0,1,0,1,1,1,0,0,FILING_RECEIVED,2018-01-31,Filed with authorized/valid electronic signature,,,,,1,,,,,,,,,,,,,,,,,1109,,,,,,,,,,
20180222074821P040067855661001,2017-05-01,2018-01-31,2,,,,1,1,,,,,,,JAMIE WHITE GOLF PERFORMANCE CO. RETIREMENT PLAN,1,2016-05-27,JAMIE WHITE GOLF PERFORMANCE CO.,,,17570 W 94TH DR.,,WESTMINSTER,CO,80031,,,,,,,,,,,,,,,,,,812780207,7203389730,611000,,,,,,,,,,,,,,,,,,,2018-02-22T07:46:28-0600,JAMIE WHITE,,,,,1,0,0,0,0,0,0,0,0,,2E2G2R3D,,,,1,,,,1,,,,,,1,,,,,,FILING_RECEIVED,2018-02-22,Filed with authorized/valid electronic signature,,,,,1,,,,,,,,,,,,,,,,,1,,,,,,,,,,
20180222082750P030096736775001,2017-01-01,2017-12-31,2,,0,0,0,0,0,0,0,0,0,,"MYERS PLUMBING & HEATING, INC. DEFERRED COMPENSATION PLAN",1,2001-01-01,"MYERS PLUMBING & HEATING, INC.",,,8580 W. EATON HWY.,,GRAND LEDGE,MI,48837,,,,,,,,,,,,,,,,,,383091409,5178862555,238220,,,,,,,,,,,,,,,,,,,2018-02-22T07:46:28-0600,,,,,,13,10,0,2,12,0,12,12,0,,2E2F2G2J2K3D,,0,0,1,0,0,0,1,0,1,0,0,0,1,0,,0,0,0,FILING_RECEIVED,2018-02-22,,,,,,1,,,,,,,,,,,,,,,,,13,,,,2018-02-21T11:00:00-0600,KIRK MYERS,,,,,
20180226124910P030072168125001,2017-01-01,2017-10-10,2,,0,0,1,1,0,0,0,0,0,,"HEALTHY BENEFITS VENDING, INC. 401(K) PLAN",1,2016-02-12,"HEALTHY BENEFITS VENDING, INC.",,,50 SOUTH SUMMER CLOUD DRIVE,,THE WOODLANDS,TX,77381,,,,,,,,,,,,,,,,,,811470062,2816201400,454210,,,,,,,,,,,,,,,,,,,2018-02-26T12:48:34-0600,KENNETH MENSIO,2018-02-26T12:48:34-0600,KENNETH MENSIO,,,1,0,0,0,0,0,0,0,0,,2E2F2G2J2K3D3H,,0,0,1,0,0,0,1,0,1,0,0,0,1,0,,0,0,0,FILING_RECEIVED,2018-02-26,Filed with authorized/valid electronic signature,,Filed with authorized/valid electronic signature,,,1,,,,,,,,,,,,,,,,,1,,,,,,,,,,
20180305095839P040132226161001,2017-07-01,2017-10-30,2,,0,0,1,1,0,0,0,0,0,,THE ELLWOOD CITY HOSPITAL EMPLOYEE HEALTH PLAN,506,1988-07-01,ELLWOOD CITY HOSPITAL,,,724 PERSHING DRIVE,,ELLWOOD CITY,PA,161171474,,,,,,,,,,,,,,,,,,250461835,7247526830,622000,,,,,,,,,,,,,,,,,,,2018-03-05T09:58:07-0600,E. WILLIAM MATTHEWS,,,,,191,0,0,,0,,,,,,,4A,0,0,0,1,0,0,0,1,0,0,0,0,0,0,,0,0,0,FILING_RECEIVED,2018-03-05,Filed with authorized/valid electronic signature,,,,,1,,,,,,,,,,,,,,,,,190,2,,,,,,,,,
20180105161544P030008478583001,2017-01-01,2017-12-31,2,,0,0,0,0,0,0,0,0,0,,"INNOVATION DATA PROCESSING, INC. PROFIT SHARING AND 401(K) PLAN",2,1974-07-01,"INNOVATION DATA PROCESSING, INC.",,,275 PATERSON AVENUE - 3RD FLOOR,,LITTLE FALLS,NJ,74241658,,,,,,,,,,,,,,,,,,221968159,9738907300,541511,,,,,,,,,,,,,,,,,,,2018-01-05T16:12:20-0600,JOHN MAZZONE,,,,,49,49,0,3,52,1,53,50,0,,2E2F2G2J2T3H,,0,0,1,0,0,0,1,0,1,0,0,0,1,0,0,0,0,0,FILING_RECEIVED,2018-01-05,Filed with authorized/valid electronic signature,,,,,1,,,,,,,,,,,,,,,,,48,,,,,,,,,,
20180110131058P040018024583001,2016-04-01,2017-03-31,4,C,0,0,0,0,0,0,0,0,0,,EB DL SMALL CAP CORE FUND,26,1974-07-01,THE BANK OF NEW YORK MELLON,,,500 GRANT STREET,ROOM 4200,PITTSBURGH,PA,152580001,,,,,,,,,,,,,,,,,,256078093,4122347500,,,,,,,,,,,,,,,,,,,,2018-01-05T16:12:20-0600,,,,2018-01-10T13:07:25-0600,ANNE MCCABE,,,,,,,,,,,,,0,0,0,0,0,0,0,0,0,0,0,1,0,0,,0,1,0,FILING_RECEIVED,2018-01-10,,Filed with authorized/valid electronic signature,,,,1,,,,,,,,,,,,,,,,,,,,,,,,,,,
20180409100951P030027327805001,2017-01-01,2017-12-31,2,,0,0,0,0,0,0,0,0,0,,NATIONAL CABLE COMMUNICATIONS FLEXIBLE BENEFIT PLAN,506,1999-01-01,"NATIONAL CABLE COMMUNICATIONS, LLC",,,"405 LEXINGTON AVENUE, 6TH FLOOR",,NEW YORK,NY,101740002,,,,,,,,,,,,,,,,,,43259154,9737801700,515100,,,,,,,,,,,,,,,,,,,2018-04-09T10:09:07-0500,JOHN CALVO,2018-04-09T10:09:07-0500,JOHN CALVO,,,171,175,0,0,175,,,,,,,4A,0,0,0,1,0,0,0,1,0,0,0,0,0,0,,0,0,0,FILING_RECEIVED,2018-04-09,Filed with authorized/valid electronic signature,,Filed with authorized/valid electronic signature,,,1,,,,,,,,,,,,,,,,,171,2,,,,,,,,,
20180409131041P030039937895001,2017-01-01,2017-12-31,2,,0,0,0,0,0,0,0,0,0,,"FRALEY & SCHILLING, INC. GROUP DENTAL PLAN",502,2004-03-01,"FRALEY & SCHILLING, INC.",,,1920 SOUTH STATE ROAD 3,,RUSHVILLE,IN,46173,,,,,,,1920 SOUTH STATE ROAD 3,,RUSHVILLE,IN,46173,,,,,,,341036518,7659325977,484110,"FRALEY & SCHILLING, INC.",,1920 SOUTH STATE ROAD 3,,RUSHVILLE,IN,46173,,,,,,,341036518,7659325977,,,,2018-04-06T15:58:53-0500,ROBERT SCHILLING,,,,,429,449,,,449,,449,,,,,4D4E,1,0,0,1,1,0,0,1,0,0,0,0,0,1,1,0,0,0,FILING_RECEIVED,2018-04-09,Filed with authorized/valid electronic signature,,,,,,,,,,,,,,,,,,,,,,429,2,,,,,,,,,
20180414103013P040000123333001,2017-01-01,2017-12-31,2,,,,,,,,,,,,"ACE PAIN CLINIC, P.C. PROFIT SHARING PENSION PLAN",1,1989-12-21,"ACE PAIN CLINIC, P.C.",,,704 E 9 MILE RD,,HAZEL PARK,MI,48030,,,,,,,,,,,,,,,,,,382807078,2484333777,621111,"ACE PAIN CLINIC, P.C.",,704 EAST 9 MILE RD,,HAZEL PARK,MI,48030,,,,,,,382807078,2484333777,,,,2018-03-15T10:36:49-0500,CHRISTOPHER CHANG,,,,,1,1,0,0,1,0,1,1,0,,2E,,,,1,,,,1,,,,,,1,,,,,,FILING_RECEIVED,2018-04-14,Filed with authorized/valid electronic signature,,,,,,,,,,,,,,,,,,,,,,1,,,,,,,,,,
20180409164157P040002445253001,2017-01-01,2017-12-31,2,,0,0,0,0,0,0,0,0,0,,BURNS DENTAL CARE RETIREMENT PLAN & TRUST,2,2002-01-01,"DAVID R. BURNS, D.D.S., P.C.",,,"8600 NW 64TH STREET, SUITE 201",,PARKVILLE,MO,64152,,,,,,,,,,,,,,,,,,10552063,8167417477,621210,,,,,,,,,,,,,,,,,,,2018-03-15T10:36:49-0500,,,,,,10,8,0,1,9,0,9,9,0,,2A2E2J2K3D,,0,0,1,0,0,0,1,0,1,0,0,0,1,0,,0,1,0,FILING_RECEIVED,2018-04-09,,,,,,1,,,,,,,,,,,,,,,,,9,,,,2018-03-26T11:00:00-0500,"DAVID R. BURNS, D.D.S.",,,,,
20180414130526P030002736887001,2013-08-30,2014-06-30,2,,1,1,0,1,0,1,0,0,0,,GP HOLDINGS INC. 401(K) PLAN,1,2013-08-30,GP HOLDINGS INC.,"DOOR CLOSING SYSTEMS, LLC",,PO BOX 866,,CAREFREE,AZ,85377,,,,,,,,,,,,,,,,,,463557836,4803636761,332300,,,,,,,,,,,,,,,,,,,2018-04-14T13:04:35-0500,PHILIP WOUDENBERG,2018-04-14T13:04:35-0500,PHILIP WOUDENBERG,,,6,6,0,0,6,0,6,3,0,,2E2F2G2J2K2R3D3H,,0,0,1,0,0,0,1,0,0,0,0,0,1,0,,0,0,0,FILING_RECEIVED,2018-04-14,Filed with authorized/valid electronic signature,,Filed with authorized/valid electronic signature,,,1,,,,,,,,,,,,,,,,,6,,,,,,,,,,
20180131122058P030059160007001,2017-01-01,2017-12-31,1,,0,0,0,0,0,0,0,0,0,,"PIONEER CONTRACT SERVICES, INC.",713,2007-11-01,"PIONEER CONTRACT SERVICES, INC",,,8090 KEMPWOOD DR,,HOUSTON,TX,770551003,,,,,,,8090 KEMPWOOD DR,,HOUSTON,TX,770551003,,,,,,,741739093,7134648200,484110,,,,,,,,,,,,,,,,,,,2018-01-31T12:19:55-0600,VICKI MARTIN,,,,,96,111,,,111,,111,,,105,,4A4B,1,0,0,0,1,0,0,0,0,0,0,0,0,1,2,0,0,0,FILING_RECEIVED,2018-01-31,Filed with authorized/valid electronic signature,,,,,1,,,,,,,,,,,,,,,,,105,,,,,,,,,,
20180131162953P030039347517001,2017-01-01,2017-03-20,2,,0,0,1,1,0,0,0,0,1,HURRICANE IRMA RELIEF,"BENEFITGUARD RETIREMENT INCOME SECURITY PLAN-BRIDGEPOINT CONSULTING, LLC",3,2012-07-01,"BRIDGEPOINT CONSULTING, LLC",,,6300 BRIDGEPOINT PARKWAY,BLDG. 1 STE. 575,AUSTIN,TX,78730,,,,,,,,,,,,,,,,,,270052733,5124377900,541990,"BENEFITGUARD, LLC",,877 EAST 1200 SOUTH #1272,,OREM,UT,840971272,,,,,,,205354793,8778602664,,,,2018-01-31T16:29:50-0600,SPENCER BARCLAY,,,,,172,0,0,0,0,0,0,0,0,,2A2E2F2G2J2K2S2T3B,,0,0,1,0,0,0,1,0,1,0,0,1,0,0,0,1,1,0,FILING_RECEIVED,2018-01-31,Filed with authorized/valid electronic signature,,,,,,,,,,,,,,,,,,,,,,122,,,,,,,,,,
20180414202935P040003564471001,2017-01-01,2017-06-30,2,,0,0,1,1,0,1,0,0,0,,"BODINE SERVICES OF DECATUR, INC.-LTD",504,2006-01-01,"BODINE SERVICES OF DECATUR, INC.",,,5330 EAST FIREHOUSE ROAD,,DECATUR,IL,62521,,,,,,,,,,,,,,,,,,371020802,2174284381,562000,,,,,,,,,,,,,,,,,,,2018-04-14T20:29:16-0500,ZACH GRAY,,,,,169,0,0,0,0,,,,,,,4H,1,0,0,0,1,0,0,0,0,0,0,0,0,1,1,0,0,0,FILING_RECEIVED,2018-04-14,Filed with authorized/valid electronic signature,,,,,1,,,,,,,,,,,,,,,,,169,2,,,,,,,,,
20180302152952P030116500321001,2017-06-07,2017-12-31,2,,1,1,,1,,,,,,,LUCCI INVESTMENTS INC. RETIREMENT PLAN,1,2017-06-07,LUCCI INVESTMENTS INC.,,,19636 97TH AVE.,UNIT 6,MOKENA,IL,60448,,,,,,,,,,,,,,,,,,821792658,7084794328,238220,,,,,,,,,,,,,,,,,,,2018-03-02T15:28:00-0600,JASON LUCCI,,,,,2,2,0,0,2,0,2,2,0,,2E2G3D,,,,1,,,,1,,,,,,1,,,,,,FILING_RECEIVED,2018-03-02,Filed with authorized/valid electronic signature,,,,,1,,,,,,,,,,,,,,,,,2,,,,,,,,,,
20180302123511P040005613653001,2017-01-01,2017-12-31,2,,0,0,0,0,0,0,0,0,0,,"LAND ADVISORS ORGANIZATION,LLC 401(K) PLAN AND TRUST",1,2003-01-01,"LAND ADVISORS ORGANIZATION, LLC",,,4900 N SCOTTSDALE RD,SUITE 3000,SCOTTSDALE,AZ,85251,,,,,,,,,,,,,,,,,,860974727,4804838100,531210,,,,,,,,,,,,,,,,,,,2018-03-15T10:36:49-0500,,,,,,31,28,0,0,28,0,28,26,0,,2A2E2J2K3D,,1,0,1,0,1,0,1,0,1,0,0,0,1,1,2,0,0,0,FILING_RECEIVED,2018-03-02,,,,,,1,,,,,,,,,,,,,,,,,28,,,,2018-02-26T06:00:00-0600,BRIAN ROSENER,,,,,
20180303090007P040081029821001,2017-01-01,2017-12-31,2,,1,,,,,,,,,,"TRI STATE DISTRIBUTION, INC. WELFARE BENEFITS PLAN",507,2016-08-01,TRI STATE DISTRIBUTION,,,600 VISTA DRIVE,,SPARTA,TN,38583,,,,,,,,,,,,,,,,,,621501548,9317382174,484110,,,,,,,,,,,,,,,,,,,2018-02-27T11:43:34-0600,JOSEPH MICELI,,,,,207,210,0,0,210,,,,,,,4D4E4Q,1,,,,1,,,,,,,,,1,3,,,,FILING_RECEIVED,2018-03-03,Filed with authorized/valid electronic signature,,,,,1,,,,,,,,,,,,,,,,,207,2,,,,,,,,,
20180129101612P040055687463001,2017-01-01,2017-06-30,2,,,,,1,,1,,,,,FLAMINGO ROAD INC. RETIREMENT PLAN,1,2016-08-08,FLAMINGO ROAD INC.,,,637 WASHINGTON BLVD,,BALTIMORE,MD,21230,,,,,,,,,,,,,,,,,,371833683,5617629966,721191,,,,,,,,,,,,,,,,,,,2018-01-29T10:14:06-0600,LINDA K. SMITH,,,,,1,1,0,0,1,0,1,1,0,,2E2G2R3D,,,,1,,,,1,,,,,,1,,,,,,FILING_RECEIVED,2018-01-29,Filed with authorized/valid electronic signature,,,,,1,,,,,,,,,,,,,,,,,1,,,,,,,,,,
20180404090203P030031414769001,2017-01-01,2017-06-30,2,,,,,1,,1,1,,,,"HENNA CHEVROLET, INC. TAX SAVERS BENEFIT PLAN",501,1989-07-01,"HENNA CHEVROLET, INC.",,,8805 NORTH IH 35,,AUSTIN,TX,78753,,,,,,,,,,,,,,,,,,741551725,5128321888,441110,"HENNA CHEVROLET, INC.",,8805 NORTH IH 35,,AUSTIN,TX,78753,,,,,,,741551725,5128321888,,,,2018-04-03T11:44:25-0500,LINDA LAMKIN,,,,,157,126,,,126,,126,,,,,4A4D,1,,,,1,,,,,,,,,1,3,,,,FILING_RECEIVED,2018-04-04,Filed with authorized/valid electronic signature,,,,,,,,,,,,,,,,,,,,,,157,2,,,,,,,,,
20180404103953P040009378943001,2017-01-01,2017-11-30,2,,0,0,1,1,0,0,0,0,0,,"BOGDAN R MADUROWICZ, DDS APC 401(K) PLAN",1,2008-01-01,"BOGDAN R MADUROWICZ, DDS APC",,,718 NORTH COAST HIGHWAY 101,,ENCINITAS,CA,92024,,,,,,,,,,,,,,,,,,330365660,7607537185,621210,,,,,,,,,,,,,,,,,,,2018-04-04T10:37:25-0500,BOGDAN MADUROWICZ,,,,,11,0,0,0,0,0,0,0,0,,2E2J2K2F2G3D2S2T,,0,0,1,0,0,0,1,0,1,0,0,0,1,0,0,0,0,0,FILING_RECEIVED,2018-04-04,Filed with authorized/valid electronic signature,,,,,1,,,,,,,,,,,,,,,,,9,,,,,,,,,,
20180404104034P030032353847001,2017-01-01,2017-12-31,2,,0,0,0,0,0,0,0,0,0,,"GRAM, INC. 401(K) PLAN",1,2016-05-17,"GRAM, INC.",,,55 KOA ROAD,,AURORA,KY,42048,,,,,,,,,,,,,,,,,,812673308,7209355582,493100,,,,,,,,,,,,,,,,,,,2018-04-04T10:40:15-0500,KARIE RUBERTUS,2018-04-04T10:40:15-0500,KARIE RUBERTUS,,,1,1,0,0,1,0,1,1,0,,2E2F2G2J2K3D,,0,0,1,0,0,0,1,0,0,0,0,0,1,0,,0,0,0,FILING_RECEIVED,2018-04-04,Filed with authorized/valid electronic signature,,Filed with authorized/valid electronic signature,,,1,,,,,,,,,,,,,,,,,1,,,,,,,,,,
20180403142914P030020318669001,2017-01-01,2017-12-31,2,,1,0,0,0,0,0,0,0,0,,"THE GOTTMAN INSTITUTE, INC. 401(K) PLAN",1,2017-01-01,"THE GOTTMAN INSTITUTE, INC.",,,"2101 4TH AVENUE, SUITE 1750",,SEATTLE,WA,98121,,,,,,,,,,,,,,,,,,911717352,2066078691,624100,,,,,,,,,,,,,,,,,,,2018-04-03T14:26:26-0500,ALAN KUNOVSKY,,,,,22,24,0,0,24,0,24,13,0,,2A2E2F2G2J2K2T3D,,0,0,1,0,0,0,1,0,0,0,0,0,1,0,0,0,0,0,FILING_RECEIVED,2018-04-03,Filed with authorized/valid electronic signature,,,,,1,,,,,,,,,,,,,,,,,22,,,,,,,,,,
20180403151552P030017007935001,2017-01-01,2017-12-31,2,,0,0,0,0,0,0,0,0,0,,"DEGENER - JUHL FARM PARTNERSHIP, L.L.P. 401(K) PLAN",1,2005-01-01,"DEGENER - JUHL FARM PARTNERSHIP, L.L.P.",,,19139 GRUNDY ROAD,,HUDSON,IA,50643,,,,,,,,,,,,,,,,,,421431644,3199883609,112210,,,,,,,,,,,,,,,,,,,2018-04-03T15:10:43-0500,EDWARD JUHL,,,,,16,15,0,3,18,0,18,18,1,,2E2F2G2J2K2T3B3D,,1,0,1,0,1,0,1,0,1,0,0,0,1,1,1,0,1,0,FILING_RECEIVED,2018-04-03,Filed with authorized/valid electronic signature,,,,,1,,,,,,,,,,,,,,,,,16,,,,,,,,,,
20180318213954P030000493053001,2017-05-31,2017-12-31,2,,1,0,0,1,0,0,0,0,0,,TRAMBEC GROUP RETIREMENT PLAN,1,2017-05-31,"TRAMBEC GROUP, INC.",,,24043 E. MORAINE PLACE,,AURORA,CO,80016,,,,,,,,,,,,,,,,,,821700498,3039334475,721310,,,,,,,,,,,,,,,,,,,2018-03-18T21:32:09-0500,TODD MORGAN,,,,,2,2,0,0,2,0,2,1,0,,2E2F2G2J2K3D,,0,0,1,0,0,0,1,0,1,0,0,0,1,0,0,0,0,0,FILING_RECEIVED,2018-03-18,Filed with authorized/valid electronic signature,,,,,1,,,,,,,,,,,,,,,,,2,,,,,,,,,,
20180403101422P030020016813001,2017-01-01,2017-12-31,2,,0,0,0,,0,1,0,0,0,,"JMARC TECHNOLOGIES, LLC PROFIT SHARING PLAN",2,1999-07-01,"JMARC TECHNOLOGIES, LLC",,,10 HILLSIDE AVENUE,,MADISON,NJ,7940,,,,,,,,,,,,,,,,,,223658361,9732361546,541512,,,,,,,,,,,,,,,,,,,2018-04-03T06:11:51-0500,JOHN DEFILIPPIS,,,,,4,0,0,7,7,0,7,7,0,,2E2F2J2T3D2G,,,0,1,0,,0,1,0,1,0,,0,1,0,0,0,0,0,FILING_RECEIVED,2018-04-03,Filed with authorized/valid electronic signature,,,,,1,,,,,,,,,,,,,,,,,3,,,,,,,,,,
20180404145753P030021658141001,2017-01-01,2017-12-31,2,,0,0,0,0,0,0,0,0,0,,ICB ENTERPRISES CORPORATION 401(K) PROFIT SHARING PLAN,1,2015-01-29,ICB ENTERPRISES CORPORATION,,,11183 CIRCLE DRIVE,SUITE C,AUSTIN,TX,78736,,,,,,,,,,,,,,,,,,472978901,5124002333,621610,,,,,,,,,,,,,,,,,,,2018-04-04T14:56:27-0500,BYRIAN MATIENZO,,,,,3,6,0,0,6,0,6,1,0,,2E2J2K2H3D,,0,0,1,0,0,0,1,0,0,0,0,0,1,0,0,0,0,0,FILING_RECEIVED,2018-04-04,Filed with authorized/valid electronic signature,,,,,1,,,,,,,,,,,,,,,,,3,,,,,,,,,,
20180403120941P040001061449001,2017-01-01,2017-12-31,2,,0,0,0,0,0,0,0,0,0,,"NCSG CRANE & HEAVY HAUL SERVICES, INC. 401(K) PROFIT SHARING PLAN",1,2002-01-01,"NCSG CRANE & HEAVY HAUL SERVICES, INC.",,,P.O. BOX 917,,SODA SPRINGS,ID,83276,,,,,,,,,,,,,,,,,,820456572,2085474775,237310,,,,,,,,,,,,,,,,,,,2018-04-03T12:08:58-0500,ANNE LARSEN,,,,,139,114,0,27,141,0,141,67,0,,2E2J2K2F2G3D2T3H,,0,0,1,0,0,0,1,0,1,0,0,1,0,1,1,1,0,0,FILING_RECEIVED,2018-04-03,Filed with authorized/valid electronic signature,,,,,1,,,,,,,,,,,,,,,,,114,,,,,,,,,,
20180404151352P040036344961001,2017-01-01,2017-12-31,2,,0,0,0,0,0,0,0,0,0,,"VONBEHREN VIEWS, INC. 401(K) PROFIT SHARING PLAN",1,2013-10-04,"VONBEHREN VIEWS, INC.",,,8 KING ARTHUR ROAD,,SHREWSBURY,MA,1545,,,,,,,,,,,,,,,,,,463818673,5088423373,442291,,,,,,,,,,,,,,,,,,,2018-04-04T15:12:40-0500,DALE VONBEHREN,,,,,3,3,0,0,3,0,3,1,0,,2E2J2K2H3D,,0,0,1,0,0,0,1,0,0,0,0,0,1,0,0,0,0,0,FILING_RECEIVED,2018-04-04,Filed with authorized/valid electronic signature,,,,,1,,,,,,,,,,,,,,,,,3,,,,,,,,,,
20180413085605P040000817601001,2017-01-01,2017-12-31,2,,0,0,0,0,0,0,0,0,0,,"AMANA SOCIETY, INC. LIFE INSURANCE PLAN",509,1988-01-01,"AMANA SOCIETY, INC.",,,PO BOX 189,,AMANA,IA,522030189,,,,,,,PO BOX 189,,AMANA,IA,522030189,,,,,,,420112280,3196227515,452900,,,,,,,,,,,,,,,,,,,2018-04-13T08:53:40-0500,CAROLINE ERTZ,2018-04-13T08:53:40-0500,CAROLINE ERTZ,,,121,122,,,122,,122,,,,,4B,1,0,0,0,1,0,0,0,0,0,0,0,0,1,1,0,0,0,FILING_RECEIVED,2018-04-13,Filed with authorized/valid electronic signature,,Filed with authorized/valid electronic signature,,,1,,,,,,,,,,,,,,,,,121,2,,,,,,,,,
20180416105815P040006106807001,2017-04-01,2017-06-30,2,,0,0,0,1,0,1,0,0,0,,"OZARK MOUNTAIN POULTRY, INC. ROGERS MEDICAL PLAN",505,2014-04-01,"OZARK MOUNTAIN POULTRY, INC.",,,1000 NORTH SECOND STREET,,ROGERS,AR,72758,,,,,,,,,,,,,,,,,,710847279,4796338700,112300,,,,,,,,,,,,,,,,,,,2018-04-16T10:57:19-0500,HOGANTAYLOR LLP PREPARER,,,,,544,539,1,,540,,540,,,,,4A,1,0,0,1,1,0,0,1,0,0,0,0,0,1,1,0,0,0,FILING_RECEIVED,2018-04-16,Filed with authorized/valid electronic signature,,,,,1,,,,,,,,,,,,,,,,,544,2,,,,,,,,,
20180416160507P040006654263001,2017-01-01,2017-12-31,2,,0,0,0,0,0,1,0,0,0,,JEFF SANDERSON PUBLIC RELATIONS INC PROFIT SHARING PLAN,1,2011-08-10,JEFF SANDERSON PUBLIC RELATIONS INC,,C/O MGO,8383 WILSHIRE BLVD STE 500,,BEVERLY HILLS,CA,90211,,,,,,,,,,,,,,,,,,452928215,3106520222,711300,,,,,,,,,,,,,,,,,,,2018-03-15T10:36:49-0500,,,,,,4,1,0,0,1,0,1,1,0,,2A2E3D,4H,0,0,1,0,0,0,1,0,1,0,0,0,1,0,0,0,0,0,FILING_RECEIVED,2018-04-16,,,,,,1,,,,,,,,,,,,,,,,,1,,,,2018-04-09T07:00:00-0500,JEFF SANDERSON,,,,,
20180205173426P040023833839001,2017-01-01,2017-11-30,2,,,,1,1,,,,,,,ROBERT S. BJEKICH DEFINED BENEFIT PENSION PLAN,2,2008-01-01,ROBERT S. BJEKICH,,,"1223 PLEASANT GROVE BLVD.,",SUITE 100,ROSEVILLE,CA,956786971,,,,,,,,,,,,,,,,,,680230260,9167842240,523120,,,,,,,,,,,,,,,,,,,2018-02-05T17:32:24-0600,ROBERT BJEKICH,,,,,1,0,0,0,0,0,0,,0,,1A1I3B3D,,,,1,,,,1,,1,,1,,1,,,,,,FILING_RECEIVED,2018-02-05,Filed with authorized/valid electronic signature,,,,,1,,,,,,,,,,,,,,,,,1,,,,,,,,,,
20180207092132P040044963261001,2017-01-01,2017-12-31,2,,0,0,0,0,0,0,0,0,0,,THE RAILS COMPANY EMPLOYEES' PROFIT SHARING PLAN,1,1964-06-30,THE RAILS COMPANY,,,101 NEWARK WAY,,MAPLEWOOD,NJ,7040,,,,,,,,,,,,,,,,,,60504160,9737634320,336990,,,,,,,,,,,,,,,,,,,2018-02-07T09:16:44-0600,MIKLOS KINDA,,,,,34,25,0,3,28,0,28,25,0,,2A2E3D,,0,0,1,0,0,0,1,0,1,0,0,0,1,0,0,0,0,0,FILING_RECEIVED,2018-02-07,Filed with authorized/valid electronic signature,,,,,1,,,,,,,,,,,,,,,,,29,,,,,,,,,,
20180207121612P030072650983001,2017-01-01,2017-12-31,2,,,,,,,,,,,,LYNX CAPITAL GROUP LTD 401(K) PROFIT SHARING PLAN,1,1997-12-23,"LYNX CAPITAL GROUP, LTD",,,25135 PENSHURST DRIVE,,BEACHWOOD,OH,44122,,,,,,,,,,,,,,,,,,232843152,2165911309,523900,,,,,,,,,,,,,,,,,,,2018-03-15T10:36:49-0500,,,,,,4,3,0,0,3,0,3,4,0,,2E2J2R3D,,,,1,,,,1,,,,,,1,,,,,,FILING_RECEIVED,2018-02-07,,,,,,1,,,,,,,,,,,,,,,,,3,,,,2018-02-06T06:00:00-0600,BRIAN CHAIT,,,,,
20180413142039P040000626813001,2017-01-01,2017-12-31,2,,0,0,0,0,0,0,0,0,0,,DEWITT INVESTMENT RESEARCH & M 401(K) PROFIT SHARING PLAN & TRUST,1,2006-01-01,DEWITT INVESTMENT RESEARCH & M,,,200 EAGLE RD STE 230,,WAYNE,PA,190873115,,,,,,,,,,,,,,,,,,232843139,6109754435,541990,,,,,,,,,,,,,,,,,,,2018-04-13T02:20:36-0500,DEWITT1,,,,,4,4,0,1,5,0,5,5,0,,2E2F2G2J2R2T3D,,0,0,1,0,0,0,1,0,0,,,0,1,0,0,0,0,,FILING_RECEIVED,2018-04-13,Filed with authorized/valid electronic signature,,,,,1,,,,,,,,,,,,,,,,,4,,,,,,,,,,
20180413185216P040000099129001,2017-01-01,2017-12-31,2,,0,0,0,0,0,0,0,0,0,,QUORUM TECHNOLOGY CORPORATION CASH BALANCE PLAN,2,2015-01-01,QUORUM TECHNOLOGY CORPORATION,,,4980 S. HWY A1A,,MELBOURNE BEACH,FL,32951,,,,,,,,,,,,,,,,,,471198485,3212157238,517000,,,,,,,,,,,,,,,,,,,2018-04-13T18:48:55-0500,AZAD KEVAL,,,,,4,4,0,0,4,0,4,,0,,1B1C,,0,0,1,0,0,0,1,0,1,0,1,0,1,0,0,0,0,0,FILING_RECEIVED,2018-04-13,Filed with authorized/valid electronic signature,,,,,1,,,,,,,,,,,,,,,,,4,,,,,,,,,,
20180417183019P040007287741001,2017-01-01,2017-12-31,2,,,,,,,,,,,,"SAN LUIS CAPITAL, INC. 401(K) PROFIT SHARING PLAN",1,2004-08-01,"SAN LUIS CAPITAL, INC.",,,"735 TANK FARM ROAD, SUITE 210",,SAN LUIS OBISPO,CA,93401,,,,,,,,,,,,,,,,,,270071832,8055434422,522292,,,,,,,,,,,,,,,,,,,2018-04-17T19:27:24-0500,CHAD VAN TIL,,,,,27,24,0,5,29,0,29,26,2,,2A2E2F2H2J2K2R3D,,,,1,,,,1,,,,,,1,,,,,,FILING_RECEIVED,2018-04-17,Filed with authorized/valid electronic signature,,,,,1,,,,,,,,,,,,,,,,,29,,,,,,,,,,
20180411162334P040044792247001,2017-01-01,2017-12-31,2,,,,,,,,,,,,PREBLE STREET HEALTH & WELFARE BENEFIT PLAN,501,2006-07-01,PREBLE STREET,,,38 PREBLE STREET,,PORTLAND,ME,4101,,,,,,,,,,,,,,,,,,10418917,2077750026,624200,,,,,,,,,,,,,,,,,,,2018-03-15T10:36:49-0500,,,,,,145,148,,,148,,,,,,,4A4B4D4E4F4H,1,,,,1,,,,,,,,,1,8,,,,FILING_RECEIVED,2018-04-11,,,,,,1,,,,,,,,,,,,,,,,,145,2,,,2018-04-10T07:00:00-0500,MARK SWANN,,,,,
20180214115006P030085983233001,2017-04-27,2017-12-31,2,,1,0,0,1,0,0,0,0,0,,"WESTCHESTER WELL BEING, INC. 401K PROFIT SHARING PLAN",1,2017-04-27,"WESTCHESTER WELL BEING, INC.",,,115 KEMEYS AVENUE,,BRIARCLIFF MANOR,NY,10510,,,,,,,,,,,,,,,,,,821324670,7346465965,812112,,,,,,,,,,,,,,,,,,,2018-02-14T11:49:34-0600,BEN ROSSMAN,,,,,1,1,0,0,1,0,1,1,0,,2E2J2K2H3D,,0,0,1,0,0,0,1,0,0,0,0,0,1,0,0,0,0,0,FILING_RECEIVED,2018-02-14,Filed with authorized/valid electronic signature,,,,,1,,,,,,,,,,,,,,,,,1,,,,,,,,,,
20180423151207P030000848025001,2017-01-01,2017-12-31,2,,0,0,0,0,0,0,0,0,0,,"HUNTSVILLE EMERGENCY MEDICAL SERVICES, INC. EMPLOYEE BENEFITS PLAN",502,2002-01-01,"HUNTSVILLE EMERGENCY MEDICAL SERVICES, INC.",,,P.O. BOX 7108,,HUNTSVILLE,AL,35807,,,,,,,,,,,,,,,,,,630799285,2565182244,621900,,,,,,,,,,,,,,,,,,,2018-04-23T15:07:03-0500,AMANDA SNOWDEN,,,,,136,140,0,2,142,,,,,,,4A4B4D4E4F4H4Q,1,0,0,1,1,0,0,1,0,0,0,0,0,1,3,0,0,0,FILING_RECEIVED,2018-04-23,Filed with authorized/valid electronic signature,,,,,1,,,,,,,,,,,,,,,,,136,2,,,,,,,,,
20180417152233P030006790957001,2017-11-01,2017-12-31,2,,0,0,0,1,0,0,0,0,0,,"LIGHTING TECHNOLOGIES INTERNATIONAL, LLC LIFE AND DISABILITY PLAN",501,2016-11-01,"LIGHTING TECHNOLOGIES INTERNATIONAL, LLC",,,13700 LIVE OAK AVE.,,BALDWIN PARK,CA,91706,,,,,,,,,,,,,,,,,,813887750,6264800755,327210,,,,,,,,,,,,,,,,,,,2018-03-15T10:36:49-0500,,,,,,210,190,0,0,190,,,,,,,4B4F4H,1,0,0,0,1,0,0,0,0,0,0,0,0,1,2,0,0,0,FILING_RECEIVED,2018-04-17,,,,,,1,,,,,,,,,,,,,,,,,210,2,,,2018-04-11T07:00:00-0500,"JULIET CONTRERAS-FOSS, HR MANAGER",,,,,
20180421181900P040011226813001,2017-01-01,2017-12-31,2,,,,,,,,,,,,SQUARE D INC. PROFIT SHARING PLAN,1,2010-07-15,SQUARE D INC.,,,11202 SHADYRIDGE ROAD,,MOORPARK,CA,93021,,,,,,,,,,,,,,,,,,273062837,8052923620,562000,,,,,,,,,,,,,,,,,,,2018-04-21T19:16:40-0500,DALE DORIA,,,,,1,1,0,0,1,0,1,1,0,,2E2G2R3D,,,,1,,,,1,,,,,,1,,,,,,FILING_RECEIVED,2018-04-21,Filed with authorized/valid electronic signature,,,,,1,,,,,,,,,,,,,,,,,1,,,,,,,,,,
20180502140213P030026328765001,2017-01-01,2017-12-31,2,,0,0,0,0,0,0,0,0,0,,STRONG HOME CARE GROUP - GROUP LIFE INSURANCE PLAN,501,1946-06-01,"VISITING NURSE SERVICE OF ROCHESTER AND MONROE COUNTY, INC.",,,2180 EMPIRE BLVD,,WEBSTER,NY,145802029,,,,,,,2180 EMPIRE BLVD,,WEBSTER,NY,145802029,,,,,,,160743215,5857872233,621610,,,,,,,,,,,,,,,,,,,2018-05-02T13:05:58-0500,SHERRI SALVATO,,,,,948,563,396,,959,,959,,,,,4B4E4F,1,0,0,0,1,0,0,0,0,0,0,0,0,1,3,0,0,0,FILING_RECEIVED,2018-05-02,Filed with authorized/valid electronic signature,,,,,1,,,,,,,,,,,,,,,,,552,2,,,,,,,,,
20180419152559P030014697991001,2017-01-01,2017-12-31,2,,0,0,0,0,0,0,0,0,0,,"CECO, INC. 401(K) PLAN",1,1996-01-22,"CECO, INC.",,,4125 WEST PAWNEE,,WICHITA,KS,67209,,,,,,,,,,,,,,,,,,480694976,3169427431,333610,,,,,,,,,,,,,,,,,,,2018-04-19T15:19:55-0500,MAURY EDWARDS,,,,,17,15,0,1,16,0,16,15,0,,2E2F2G2J2K3D,,0,0,1,0,0,0,1,0,1,0,0,0,1,0,,0,0,0,FILING_RECEIVED,2018-04-19,Filed with authorized/valid electronic signature,,,,,1,,,,,,,,,,,,,,,,,16,,,,,,,,,,
20180420113043P040009886189001,2017-01-01,2017-12-31,2,,0,0,0,0,0,0,0,0,0,,GKC INC. 401(K) PLAN,1,2011-09-16,GKC INC.,WILD BIRDS UNLIMITED,,23317 164TH STREET EAST,,BUCKLEY,WA,98321,,,,,,,,,,,,,,,,,,453329260,2539706460,453910,,,,,,,,,,,,,,,,,,,2018-04-20T11:29:31-0500,GREGORY LEE COLE,2018-04-20T11:29:31-0500,GREGORY LEE COLE,,,1,2,0,0,2,0,2,1,0,,2E2F2G2J2K3D3H,,0,0,1,0,0,0,1,0,0,0,0,0,1,0,,0,0,0,FILING_RECEIVED,2018-04-20,Filed with authorized/valid electronic signature,,Filed with authorized/valid electronic signature,,,1,,,,,,,,,,,,,,,,,1,,,,,,,,,,
20180419154818P030008821533001,2017-02-01,2018-01-31,2,,0,0,0,0,0,0,0,0,0,,"MEVION MEDICAL SYSTEMS, INC. DENTAL PLAN",502,2013-02-01,"MEVION MEDICAL SYSTEMS, INC.",,,"300 FOSTER STREET, SUITE 3",,LITTLETON,MA,1460,,,,,,,,,,,,,,,,,,200794350,9785401500,541990,,,,,,,,,,,,,,,,,,,2018-03-15T10:36:49-0500,,,,,,118,118,0,0,118,,,,,,,4D,1,0,0,0,1,0,0,0,0,0,0,0,0,1,1,0,0,0,FILING_RECEIVED,2018-04-19,,,,,,1,,,,,,,,,,,,,,,,,118,2,,,2018-04-19T11:00:00-0500,SHERRI HODGSON,,,,,
20180103081213P030004832353001,2013-02-01,2014-01-31,2,,0,1,0,0,0,0,0,1,0,,JOHNSTONE SUPPLY WELFARE BENEFIT PLAN,501,2012-02-01,"KIPO, LLC",,,5709 SALMEN STREET,,HARAHAN,LA,70123,,,,,,,,,,,,,,,,,,721012984,5047331495,423700,,,,,,,,,,,,,,,,,,,2018-03-15T10:36:49-0500,,,,,,105,105,0,0,105,,,,,,,4B4F4H,1,0,0,0,1,0,0,0,0,0,0,0,0,1,1,0,0,0,FILING_RECEIVED,2018-01-03,,,,,,1,,,,,,,,,,,,,,,,,105,2,,,2018-01-02T06:00:00-0600,MISSY MANIGLIA,,,,,
20180429161114P030036007047001,2017-01-01,2017-12-31,2,,,,,,,,,,,,"NPGH HAIRCUTS, INC. PROFIT SHARING PLAN",1,2005-12-02,"NPGH HAIRCUTS, INC.",,,21 SUNNY DRIVE,,PITTSBURGH,PA,15237,,,,,,,,,,,,,,,,,,203882903,4127208593,812111,,,,,,,,,,,,,,,,,,,2018-04-29T17:08:41-0500,JOHN C. HOFFMAN,,,,,3,3,0,0,3,0,3,3,0,,2E2G2R3D,,,,1,,,,1,,,,,,1,,,,,,FILING_RECEIVED,2018-04-29,Filed with authorized/valid electronic signature,,,,,1,,,,,,,,,,,,,,,,,3,,,,,,,,,,
20180321124026P040004787805001,2017-01-01,2017-12-31,2,,0,0,0,0,0,0,0,0,0,,"P & J HOMES, INC. 401(K) PLAN",1,2010-02-24,"P & J HOMES, INC.",,,PO BOX 187,,SPICER,MN,56288,,,,,,,,,,,,,,,,,,271978734,6128505297,531390,,,,,,,,,,,,,,,,,,,2018-03-21T12:39:30-0500,DAVID ALLEN JOHNSON,2018-03-21T12:39:30-0500,DAVID ALLEN JOHNSON,,,1,1,0,0,1,0,1,1,0,,2E2F2G2J2K3D,,0,0,1,0,0,0,1,0,0,0,0,0,1,0,,0,0,0,FILING_RECEIVED,2018-03-21,Filed with authorized/valid electronic signature,,Filed with authorized/valid electronic signature,,,1,,,,,,,,,,,,,,,,,1,,,,,,,,,,
20180420134532P030009857309001,2017-01-01,2017-12-31,2,,0,0,0,,0,1,0,0,0,,SWARTZ CATERING CO. INC. 401(K) PLAN,1,1984-04-01,"SWARTZ CATERING CO., INC.",,,866 BROADWAY,,SOMERVILLE,MA,2144,,,,,,,,,,,,,,,,,,42823663,6176281632,812990,,,,,,,,,,,,,,,,,,,2018-04-20T09:38:50-0500,HOWARD SWARTZ,,,,,11,11,0,0,11,0,11,10,0,,2E2F2G2J2K2T3D,,,0,1,0,,0,1,0,1,0,,0,1,0,0,0,0,0,FILING_RECEIVED,2018-04-20,Filed with authorized/valid electronic signature,,,,,1,,,,,,,,,,,,,,,,,11,,,,,,,,,,
20180420135318P030000654597001,2017-01-01,2017-12-31,2,,0,0,0,0,0,0,0,0,0,,"COLLEGE PARK INDUSTRIES, INC. 401(K) RETIREMENT PLAN",1,2010-01-01,"COLLEGE PARK INDUSTRIES, INC.",,,27955 COLLEGE PARK DRIVE,,WARREN,MI,48088,,,,,,,,,,,,,,,,,,382815389,5862947950,541990,,,,,,,,,,,,,,,,,,,2018-04-20T13:44:51-0500,NICK LAZARUS,,,,,85,107,0,4,111,0,111,74,0,,2E2J2K2F2G3D2T3H,,1,0,1,0,1,0,1,0,1,0,0,0,1,1,1,0,1,0,FILING_RECEIVED,2018-04-20,Filed with authorized/valid electronic signature,,,,,1,,,,,,,,,,,,,,,,,83,,,,,,,,,,
20180420122052P030016261303001,2017-01-01,2017-12-31,2,,0,0,0,0,0,0,0,0,0,,"PEOPLE HELP, INC. PROFIT SHARING PLAN",2,1978-02-01,"PEOPLE HELP, INC.",,,7208 BRISTOL CIRCLE,,MINNEAPOLIS,MN,55435,,,,,,,,,,,,,,,,,,411300993,6128350516,541600,,,,,,,,,,,,,,,,,,,2018-04-20T12:17:45-0500,PAUL B. HUGHES,2018-04-20T12:17:45-0500,PAUL B. HUGHES,,,4,3,0,1,4,0,4,3,0,,2A2E3D,,,,1,,,,1,,1,,,,1,,,,,,FILING_RECEIVED,2018-04-20,Filed with authorized/valid electronic signature,,Filed with authorized/valid electronic signature,,,1,,,,,,,,,,,,,,,,,3,,,,,,,,,,
20180430173709P040039609073001,2017-01-01,2017-12-31,2,,0,0,0,0,0,0,0,0,0,,"TVNS VENTURES, INC. 401(K) PROFIT SHARING PLAN",1,2011-12-08,"TVNS VENTURES, INC.",,,1424 GREENTREE CIRCLE,,LAKE OSWEGO,OR,97034,,,,,,,,,,,,,,,,,,454026451,5034591586,442299,,,,,,,,,,,,,,,,,,,2018-04-30T17:35:39-0500,THIMMAPPA ANEKONDA,,,,,2,2,0,0,2,0,2,2,0,,2E2J2K2H3D,,0,0,1,0,0,0,1,0,0,0,0,0,1,0,0,0,0,0,FILING_RECEIVED,2018-04-30,Filed with authorized/valid electronic signature,,,,,1,,,,,,,,,,,,,,,,,2,,,,,,,,,,
20180430071438P040023310189001,2017-01-01,2017-12-31,2,,0,0,0,0,0,0,0,0,0,,"IMPACT CONFECTIONS, INC. EMPLOYEE BENEFITS PLAN",502,2012-10-01,"IMPACT CONFECTIONS, INC.",,,4017 WHITNEY STREET,,JANESVILLE,WI,535461003,,,,,,,,,,,,,,,,,,850308777,6082081088,311300,,,,,,,,,,,,,,,,,,,2018-04-28T10:02:12-0500,BILLIE BABCOCK,,,,,184,172,1,0,173,,,,,,,4A4B4D4E4H4Q,1,0,0,0,1,0,0,0,0,0,0,0,0,1,2,0,0,0,FILING_RECEIVED,2018-04-30,Filed with authorized/valid electronic signature,,,,,1,,,,,,,,,,,,,,,,,181,2,,,,,,,,,
20180103093516P040005358449001,2017-01-01,2017-12-31,2,,1,0,0,0,0,0,0,0,0,,"CRAFTSMEN SUPPLY CENTER, INC PROFIT SHARING PLAN",2,1976-01-01,"CRAFTSMEN SUPPLY CENTER, INC",,ALAN CONLEY,1605 N 23RD STREET,,TAMPA,FL,33605,,,,,,,1605 N 23RD STREET,,TAMPA,FL,33605,,,,,,,590828561,8139884677,444130,,,,,,,,,,,,,,,,,,,2018-01-03T09:31:25-0600,ALAN CONLEY,,,,,2,2,,,2,,2,,,,2E3D3E,,0,0,0,1,0,0,1,0,0,0,0,0,1,0,,0,0,0,FILING_RECEIVED,2018-01-03,Filed with authorized/valid electronic signature,,,,,1,,,,,,,,,,,,,,,,,2,,,,,,,,,,
20180501151256P040001686037001,2013-09-01,2014-08-31,2,,0,0,0,0,0,0,0,1,0,,VISION,507,2011-09-01,"LIN R. ROGERS ELECTRICAL CONTR., INC.",,,2050 MARCONI DRIVE,,ALPHARETTA,GA,30005,,,,,,,,,,,,,,,,,,581539550,8666004573,238210,,,,,,,,,,,,,,,,,,,2018-03-15T10:36:49-0500,,,,,,339,364,0,0,364,,,,,,,4E,1,0,0,0,1,0,0,0,0,0,0,0,0,1,1,0,0,0,FILING_RECEIVED,2018-05-01,,,,,,1,,,,,,,,,,,,,,,,,339,2,,,2018-05-01T11:00:00-0500,LINDSEY SCHOULTZ,,,,,
20180501152102P040001686277001,2017-01-01,2017-12-31,2,,0,0,0,0,0,0,0,0,0,,"THE WEINER COMPANIES, INC. 401(K) PROFIT SHARING PLAN & TRUST",1,1985-11-27,"THE WEINER COMPANIES, INC.",,,"1642 MEDICAL LANE, SUITE B",,FORT MYERS,FL,33907,,,,,,,,,,,,,,,,,,592615359,2399397088,236200,,,,,,,,,,,,,,,,,,,2018-03-15T10:36:49-0500,,,,,,3,3,0,0,3,0,3,2,0,,2E2F2G2J2K2T3D3H,,0,0,1,0,0,0,1,0,1,0,0,0,1,0,,0,0,0,FILING_RECEIVED,2018-05-01,,,,,,1,,,,,,,,,,,,,,,,,3,,,,2018-04-26T11:00:00-0500,KENNETH A. WEINER,,,,,
20180502151246P030026354093001,2017-01-01,2017-12-31,2,,0,0,0,,0,1,0,0,0,,"LAMBERT ARCHITECTURE & INTERIORS, P.A. 401(K) PLAN",1,2006-06-01,"LAMBERT ARCHITECTURE & INTERIORS, P.A.",,,418 NORTH MARSHALL STREET,SUITE 200,WINSTON-SALEM,NC,27101,,,,,,,,,,,,,,,,,,561645503,3367773657,541310,,,,,,,,,,,,,,,,"LAMBERT ARCHITECTURE & INTERIORS, P.A.",561645503,1,2018-05-02T11:08:29-0500,MARTHA JAMISON,,,,,24,15,0,12,27,0,27,24,0,,2E2F2G2J2K2T3D,,,0,1,0,,0,1,0,1,0,,0,1,0,0,0,1,0,FILING_RECEIVED,2018-05-02,Filed with authorized/valid electronic signature,,,,,1,,,,,,,,,,,,,,,,,13,,,,,,"LAMBERT ARCHITECTURE & INTERIORS, P.A. 401(K) PLAN",,,,
20180417063322P040007806935001,2017-01-01,2017-12-31,2,,0,0,0,0,0,0,0,0,0,,JESCO MAINTENANCE EMPLOYEE BENEFITS PLAN,509,2006-01-01,JESCO MAINTENANCE,,,202 SOUTH SPRING STREET,,FULTON,MS,38843,,,,,,,,,,,,,,,,,,640920057,6628623121,236200,,,,,,,,,,,,,,,,,,,2018-04-17T06:32:02-0500,TIM MILES,,,,,220,201,0,0,201,,,,,,,4A4B4D4E4F4H4Q,1,0,0,1,1,0,0,1,0,0,0,0,0,1,8,0,0,0,FILING_RECEIVED,2018-04-17,Filed with authorized/valid electronic signature,,,,,1,,,,,,,,,,,,,,,,,220,2,,,,,,,,,
20180321151344P040001682527001,2017-01-01,2017-12-31,2,,0,0,0,0,0,0,0,0,0,,RON SCHILLING CONSULTING,1,1986-12-08,RONALD B. SCHILLING,,,13650 PASEO DEL ROBLE,,LOS ALTOS HILLS,CA,94022,,,,,,,,,,,,,,,,,,770157636,6509415795,541600,,,,,,,,,,,,,,,,,,,2018-03-15T10:36:49-0500,,,,,,1,1,0,0,1,0,1,1,0,,2C,,0,0,1,0,0,0,1,0,0,0,0,0,1,0,0,0,0,0,FILING_RECEIVED,2018-03-21,,,,,,1,,,,,,,,,,,,,,,,,1,,,,2018-03-20T07:00:00-0500,RONALD SCHILLING,,,,,
20180420151303P040013568071001,2017-01-01,2017-12-31,2,,0,0,0,0,0,0,0,0,0,,"INTERMATIC, INC WELFARE BENEFIT PLAN",506,2015-01-01,"INTERMATIC, INC",,,7777 WINN ROAD,,SPRING GROVE,IL,60081,,,,,,,,,,,,,,,,,,361265490,8156757111,335900,,,,,,,,,,,,,,,,,,,2018-04-20T15:12:22-0500,PENNY BRICHTA,,,,,147,145,,,145,,,,,,,4A4B4D4E4H4Q,1,0,0,0,1,0,0,0,0,0,0,0,0,1,5,0,0,0,FILING_RECEIVED,2018-04-20,Filed with authorized/valid electronic signature,,,,,1,,,,,,,,,,,,,,,,,147,2,,,,,,,,,
20180423135822P030021247489001,2017-01-01,2017-12-31,2,,0,0,0,0,0,0,0,0,0,,"JAYMEL PROPERTIES, INC. 401K PROFIT SHARING PLAN",1,2015-01-29,"JAYMEL PROPERTIES, INC.",,,2133 COUNTY ROAD C,,NEW RICHMOND,WI,54017,,,,,,,,,,,,,,,,,,472938800,7152484936,531310,,,,,,,,,,,,,,,,,,,2018-04-23T13:55:19-0500,JAY HOLZBAUER,,,,,2,2,0,0,2,0,2,2,0,,2E2J2K2H3D,,0,0,1,0,0,0,1,0,0,0,0,0,1,0,0,0,0,0,FILING_RECEIVED,2018-04-23,Filed with authorized/valid electronic signature,,,,,1,,,,,,,,,,,,,,,,,2,,,,,,,,,,
20180423141215P040000814873001,2017-01-01,2017-09-30,2,,0,0,1,1,0,0,0,0,0,,BORDOUGH INC. 401K PLAN,1,2012-03-20,BORDOUGH INC.,,,33713 NANDINA LANE,,MURRIETA,CA,92563,,,,,,,,,,,,,,,,,,454832738,6314217567,722513,,,,,,,,,,,,,,,,,,,2018-04-23T14:11:45-0500,CLYDE ROUTLEY,2018-04-23T14:11:45-0500,CLYDE ROUTLEY,,,1,0,0,0,0,0,0,0,0,,2E2F2G2J2K3D,,0,0,1,0,0,0,1,0,1,0,0,0,1,0,,0,0,0,FILING_RECEIVED,2018-04-23,Filed with authorized/valid electronic signature,,Filed with authorized/valid electronic signature,,,1,,,,,,,,,,,,,,,,,1,,,,,,,,,,
20180430125811P030037388705001,2017-01-01,2017-12-31,2,,1,0,0,0,0,0,0,0,0,,DISTIL NETWORKS WELFARE BENEFITS PLAN,501,2017-01-01,"DISTIL NETWORKS, INC.",,,"115 SANSOME STREET, SUITE 600",,SAN FRANCISCO,CA,94104,,,,,,,,,,,,,,,,,,453186743,4159064104,541990,,,,,,,,,,,,,,,,,,,2018-04-30T12:43:42-0500,STEPHANI MARTIN,2018-04-30T12:43:42-0500,STEPHANI MARTIN,,,138,116,9,0,125,,,,,,,4A4B4D4E4F4H4L,0,0,0,1,1,0,0,1,0,0,0,0,0,1,2,0,0,0,FILING_RECEIVED,2018-04-30,Filed with authorized/valid electronic signature,,Filed with authorized/valid electronic signature,,,1,,,,,,,,,,,,,,,,,137,2,,,,,,,,,
20180419112035P040011575319001,2017-01-01,2017-12-31,2,,0,0,0,0,0,0,0,0,0,,"DAVID ROSEN BAKERY SUPPLIES, INC. 401(K) PLAN",1,1978-01-01,"DAVID ROSEN BAKERY SUPPLIES, INC.",,,350 MESEROLE ST,,BROOKLYN,NY,112061733,,,,,,,350 MESEROLE ST,,BROOKLYN,NY,112061733,,,,,,,112379830,7183810600,424990,ERISA FIDUCIARY SERVICES INC.,,1800 WALT WHITMAN RD STE 110,,MELVILLE,NY,11747,,,,,,,471637791,6312490500,,,,2018-04-19T11:20:25-0500,ANTHONY WARD,,,,,60,47,0,2,49,0,49,27,0,,2A2E2F2G2J2K2R2T3D,,1,0,1,0,1,0,1,0,1,0,0,0,1,1,1,0,1,0,FILING_RECEIVED,2018-04-19,Filed with authorized/valid electronic signature,,,,,,,,,,,,,,,,,,,,,,48,,,,,,,,,,
20180423090247P040020773617001,2017-01-01,2017-12-31,2,,0,0,0,,0,1,0,0,0,,BLISH & CAVANAGH 401(K) RETIREMENT PLAN,2,2002-06-25,BLISH & CAVANAGH,,,30 EXCHANGE TERRACE,,PROVIDENCE,RI,2903,,,,,,,,,,,,,,,,,,50421848,4018318900,541110,,,,,,,,,,,,,,,,,,,2018-04-23T04:59:47-0500,DEBORAH KING,,,,,19,18,0,1,19,0,19,17,0,,2A2E2F2G2J2T3D,,,0,1,0,,0,1,0,1,0,,0,1,0,0,0,1,0,FILING_RECEIVED,2018-04-23,Filed with authorized/valid electronic signature,,,,,1,,,,,,,,,,,,,,,,,18,,,,,,,,,,
20180501164735P030014529119001,2017-01-01,2017-12-31,2,,0,0,0,0,0,0,0,0,0,,"WINCHESTER ASSOCIATES, INC. PROFIT SHARING PLAN",1,1970-12-15,"WINCHESTER ASSOCIATES, INC. T/A DECKER ASSOC.",,,899 MOUNTAIN AVENUE,,SPRINGFIELD,NJ,7081,,,,,,,,,,,,,,,,,,135665737,9732589300,541110,,,,,,,,,,,,,,,,,,,2018-03-15T10:36:49-0500,,,,,,37,29,0,10,39,0,39,39,0,,2A2E3D,,,,1,,,,1,,,,,,1,,,,,,FILING_RECEIVED,2018-05-01,,,,,,1,,,,,,,,,,,,,,,,,29,,,,2018-04-27T07:00:00-0500,JOHN D. DECKER,,2018-04-27T07:00:00-0500,JOHN D. DECKER,,
20180420094208P030007992559001,2017-01-01,2017-12-31,2,,,,,,,,,,,,KURTZ AND HORNAK PROFIT SHARING TRUST,1,1988-01-01,"KURTZ AND HORNAK, P.A.",,,354 NORTH AVENUE EAST,,CRANFORD,NJ,7016,,,,,,,354 NORTH AVENUE EAST,,CRANFORD,NJ,7016,,,,,,,222758074,9082763380,541211,,,,,,,,,,,,,,,,,,,2018-04-18T09:45:10-0500,MICHAEL KURTZ,,,,,4,4,,,4,,4,4,,,2E,,,,1,,,,1,,,,,,1,,,,,,FILING_RECEIVED,2018-04-20,Filed with authorized/valid electronic signature,,,,,1,,,,,,,,,,,,,,,,,4,,,,,,,,,,
20180502070345P040042252529001,2017-01-01,2017-12-31,2,,0,0,0,0,0,0,0,0,0,,THE SAVINGS BANK MUTUAL LIFE INSURANCE COMPANY OF MASSACHUSETTS HRA PLAN,502,2012-01-01,THE SAVINGS BANK MUTUAL LIFE INSURANCE COMPANY OF MASSACHUSETTS,,,ONE LINSCOTT ROAD,,WOBURN,MA,1801,,,,,,,,,,,,,,,,,,43117253,7819383500,524140,,,,,,,,,,,,,,,,SAVINGS BANK LIFE INSURANCE OF MA,43117253,502,2018-05-02T07:03:27-0500,DOROTHY QUINN,,,,,153,156,3,0,159,,,,,,,4A,0,0,0,1,0,0,0,1,0,0,0,0,0,0,,0,0,0,FILING_RECEIVED,2018-05-02,Filed with authorized/valid electronic signature,,,,,1,,,,,,,,,,,,,,,,,153,2,,,,,SAVINGS BANK LIFE INSURANCE HRA PLAN,,,,
20180306171926P030083901469001,2017-01-01,2017-12-31,2,,,,,,,,,,,,"HITACHI MEDICAL SYSTEMS AMERICA, INC. MEDICAL AND DENTAL PLAN",503,1990-07-01,"HITACHI MEDICAL SYSTEMS AMERICA, INC.",,,1959 SUMMIT COMMERCE PARK,,TWINSBURG,OH,440872371,,,,,,,1959 SUMMIT COMMERCE PARK,,TWINSBURG,OH,400872371,,,,,,,341619915,3304251313,423400,,,,,,,,,,,,,,,,,,,2018-03-15T10:36:49-0500,,,,,,276,307,,,307,,,,,,,4F,1,,,1,1,,,1,,,,,,1,1,,,,FILING_RECEIVED,2018-03-06,,,,,,1,,,,,,,,,,,,,,,,,276,2,,,2018-02-22T06:00:00-0600,RICHARD A KURZ,,,,,
20180313165613P040096942173001,2012-06-01,2013-05-31,2,,0,0,0,0,0,0,0,1,0,,"CONCORD COACH LINES, INC. LIFE INSURANCE PLAN",503,2012-06-01,"CONCORD COACH LINES, INC",,,7 LANGDON STREET,,CONCORD,NH,33013481,,,,,,,7 LANGDON STREET,,CONCORD,NH,33013481,,,,,,,20234701,6032283535,485210,,,,,,,,,,,,,,,,,,,2018-03-13T16:53:44-0500,CRYSTAL MARSTON,,,,,161,161,,,161,,161,,,,,4B,0,0,0,1,1,0,0,0,0,0,0,0,0,1,1,0,0,0,FILING_RECEIVED,2018-03-13,Filed with authorized/valid electronic signature,,,,,1,,,,,,,,,,,,,,,,,161,2,,,,,,,,,
20180314152522P040132939303001,2017-01-01,2017-12-31,2,,0,0,0,0,0,0,0,0,0,,"CHARLES P. FERNICOLA, M.D., P.C. EMPLOYEE PROFIT SHARING PLAN",1,1992-01-01,"CHARLES P. FERNICOLA, M.D., P.C.",,,1145 BEACON AVENUE,,MANAHAWKIN,NJ,8050,,,,,,,,,,,,,,,,,,222892443,6095971991,621111,,,,,,,,,,,,,,,,,,,2018-03-15T10:36:49-0500,,,,,,9,3,0,6,9,0,9,9,1,,2A2E2F2G2J3D,,,,1,,,,1,,1,,,,1,,,,,,FILING_RECEIVED,2018-03-14,,,,,,1,,,,,,,,,,,,,,,,,8,,,,2018-03-13T07:00:00-0500,CHARLES FERNICOLA,,2018-03-13T07:00:00-0500,CHARLES FERNICOLA,,
20180323111509P030011246471002,2017-01-01,2017-12-31,2,,,,,,,,,,,,JAMES MIRABLE MD PA MONEY PURCHASE PLAN,2,1994-05-01,JAMES MIRABLE MD PA,,,4550 W 109TH STREET SUITE 130,,OVERLAND PARK,KS,66211,,,,,,,,,,,,,,,,,,481151257,9132385375,621111,,,,,,,,,,,,,,,,,,,2018-03-23T11:40:05-0500,JAMES MIRABLE MD,,,,,25,25,0,0,25,0,25,,0,,2C,,,,1,,,,1,,1,,,,1,,,,,,FILING_RECEIVED,2018-03-23,Filed with authorized/valid electronic signature,,,,,1,,,,,,,,,,,,,,,,,25,,,,,,,,,,
20180312165509P030138805601001,2017-01-01,2017-12-31,2,,0,0,0,0,0,0,0,0,0,,NORTH AMERICAN TOOL CORPORATION 401(K) SAVINGS PLAN,1,1989-01-01,NORTH AMERICAN TOOL CORPORATION,,,215 ELMWOOD AVENUE P.O. BOX 116,,SOUTH BELOIT,IL,61080,,,,,,,,,,,,,,,,,,363438764,8153892300,333510,,,,,,,,,,,,,,,,,,,2018-03-12T16:54:39-0500,G. CURTIS LANSBERY,,,,,89,63,0,11,74,0,74,65,3,,2E2J2K2F2G3H2T3D2S,,1,0,1,0,1,0,1,0,1,0,0,0,1,1,1,0,1,0,FILING_RECEIVED,2018-03-12,Filed with authorized/valid electronic signature,,,,,1,,,,,,,,,,,,,,,,,77,,,,,,,,,,
20180313171509P030132887367001,2017-01-01,2017-12-31,2,,0,0,0,0,0,0,0,0,0,,"ACQUERELLO, INC. PROFIT SHARING PLAN",1,1999-01-01,"ACQUERELLO, INC.",,,1722 SACRAMENTO STREET,,SAN FRANCISCO,CA,94109,,,,,,,,,,,,,,,,,,943096043,4155675432,722511,,,,,,,,,,,,,,,,,,,2018-03-13T17:14:37-0500,GIANCARLO PATERLINI,2018-03-13T17:14:37-0500,GIANCARLO PATERLINI,,,28,17,0,6,23,0,23,23,1,,2A2E3D,,0,0,1,0,0,0,1,0,1,0,0,0,1,0,,0,0,0,FILING_RECEIVED,2018-03-13,Filed with authorized/valid electronic signature,,Filed with authorized/valid electronic signature,,,1,,,,,,,,,,,,,,,,,15,,,,,,,,,,
20180327091451P030017714657001,2017-10-01,2017-10-31,2,,0,0,0,1,0,0,0,0,0,,"BELKNAP PLUMBING SYSTEMS, INC. WELFARE BENEFIT",501,2015-10-01,"BELKNAP PLUMBING SYSTEMS, INC.",,,9030 SOLON ROAD,,HOUSTON,TX,77064,,,,,,,,,,,,,,,,,,760391418,8329126733,238220,,,,,,,,,,,,,,,,,,,2018-03-15T10:36:49-0500,,,,,,129,125,0,10,135,,,,,,,4A4D4E,1,0,0,0,1,0,0,0,0,0,0,0,0,1,3,0,0,0,FILING_RECEIVED,2018-03-27,,,,,,1,,,,,,,,,,,,,,,,,129,2,,,2018-03-26T11:00:00-0500,GINA RODRIGUEZ,,,,,
20180312102954P030137928529001,2017-01-01,2017-12-31,2,,0,0,0,0,0,0,0,0,0,,"OSHKOSH SUPPLIES, INC. 401(K) PLAN",1,2009-11-14,"OSHKOSH SUPPLIES, INC.",PINGRY-CASWELL,,2926 HIDDEN HOLLOW ROAD,,OSHKOSH,WI,54904,,,,,,,,,,,,,,,,,,271336324,9202670928,423800,,,,,,,,,,,,,,,,,,,2018-03-12T10:29:25-0500,TOM COOPER,2018-03-12T10:29:25-0500,TOM COOPER,,,4,4,0,0,4,0,4,1,0,,2E2F2G2J2K3D,,0,0,1,0,0,0,1,0,0,0,0,0,1,0,,0,0,0,FILING_RECEIVED,2018-03-12,Filed with authorized/valid electronic signature,,Filed with authorized/valid electronic signature,,,1,,,,,,,,,,,,,,,,,4,,,,,,,,,,
20180327151844P040001062997001,2017-01-01,2017-12-31,2,,0,0,0,0,0,0,0,0,0,,WISCONSIN PRECISION MACHINING COMPANY 401(K) PLAN,1,1996-06-01,WISCONSIN PRECISION MACHINING COMPANY,,,450 9TH AVENUE,,GRAFTON,WI,530241156,,,,,,,,,,,,,,,,,,391486957,2626182540,333510,,,,,,,,,,,,,,,,,,,2018-03-27T15:17:10-0500,PETER THERMANSEN,,,,,24,22,0,12,34,0,34,27,0,,2E2J2K2F2G3D2T2S,,1,0,1,0,1,0,1,0,1,0,0,0,1,1,1,0,1,0,FILING_RECEIVED,2018-03-27,Filed with authorized/valid electronic signature,,,,,1,,,,,,,,,,,,,,,,,24,,,,,,,,,,
20180306093628P030123842001001,2017-01-01,2017-12-31,2,,0,0,0,0,0,0,0,0,0,,FIRST STATE BANK 401(K) PLAN,1,1971-12-27,FIRST STATE BANK - VALLIANT,,,P.O. BOX 775,,VALLIANT,OK,74764,,,,,,,,,,,,,,,,,,730237190,5809334201,522120,,,,,,,,,,,,,,,,,,,2018-03-06T09:36:07-0600,KELLEY THOMPSON,,,,,28,20,2,6,28,0,28,28,2,,2E2J2K2F2G2R3D,,0,0,1,0,0,0,1,0,1,0,0,0,1,0,0,0,0,0,FILING_RECEIVED,2018-03-06,Filed with authorized/valid electronic signature,,,,,1,,,,,,,,,,,,,,,,,22,,,,,,,,,,
20180323145912P040012847345001,2017-01-01,2017-12-31,2,,0,0,0,0,0,0,0,0,0,,INFINITY SPORTS MEDICINE & REH 401(K) PROFIT SHARING PLAN & TRUST,1,2006-05-01,INFINITY SPORTS MEDICINE & REH,,,55 WEST 19TH STREET,,NEW YORK,NY,10011,,,,,,,,,,,,,,,,,,364595715,2124883400,621340,,,,,,,,,,,,,,,,,,,2018-03-23T02:59:09-0500,MARINA BABIY,,,,,9,7,0,1,8,0,8,6,0,,2A2E2F2G2J2K2R2T3D,,0,0,1,0,0,0,1,0,1,,,0,1,0,0,0,0,,FILING_RECEIVED,2018-03-23,Filed with authorized/valid electronic signature,,,,,1,,,,,,,,,,,,,,,,,7,,,,,,,,,,
20180314122551P030006406981001,1995-01-01,1995-12-31,2,,0,0,0,0,0,0,0,1,0,,MEDIA-UPPER PROVIDENCE FREE LIBRARY 403(B) TDA PLAN,2,1993-02-01,MEDIA-UPPER PROVIDENCE FREE LIBRARY,,,1 E FRONT ST.,,MEDIA,PA,190632911,,,,,,,,,,,,,,,,,,231384955,6105661918,611000,,,,,,,,,,,,,,,,,,,2018-03-14T12:25:25-0500,MARIE SCIOCCHETTI,,,,,0,,,,,,,,,,2L,,0,0,0,0,0,0,0,0,0,0,0,0,0,0,0,0,0,0,FILING_RECEIVED,2018-03-14,Filed with authorized/valid electronic signature,,,,,1,,,,,,,,,,,,,,,,,,,,0,,,,,,,
20180316011439P030095776173001,2017-01-01,2017-12-31,2,,1,0,0,0,0,0,0,0,0,,TRIFECTA SOLUTIONS INC. 401(K) PROFIT SHARING PLAN & TRUST,1,2017-01-01,TRIFECTA SOLUTIONS INC,,,5510 BLUESTEM CT.,,OSWEGO,IL,60543,,,,,,,,,,,,,,,,,,203199056,6308626167,541519,,,,,,,,,,,,,,,,,,,2018-03-16T01:14:36-0500,KEVIN SCHRAMM,,,,,2,4,0,0,4,0,4,4,0,,2E2F2G2J2K2R2S2T3D,,0,0,1,0,0,0,1,0,0,,,0,1,0,0,0,0,,FILING_RECEIVED,2018-03-16,Filed with authorized/valid electronic signature,,,,,1,,,,,,,,,,,,,,,,,2,,,,,,,,,,
20180307105242P030120782391001,2017-01-01,2017-12-31,2,,1,0,0,0,0,0,0,0,0,,"NEX-TECH WIRELESS, LLC",501,2017-01-01,"NEX-TECH WIRELESS, LLC",,LISA PIERCE,3001 NEW WAY,,HAYS,KS,676013262,,,,,,,3001 NEW WAY,,HAYS,KS,676013262,,,,,,,201189456,7856213600,517000,,,,,,,,,,,,,,,,,,,2018-03-07T10:51:23-0600,LISA CAMPBELL,2018-03-07T10:51:23-0600,LISA CAMPBELL,,,280,280,0,0,280,0,280,0,0,0,,4A,1,0,0,0,1,0,0,0,0,0,0,0,0,1,1,1,0,0,FILING_RECEIVED,2018-03-07,Filed with authorized/valid electronic signature,,Filed with authorized/valid electronic signature,,,1,,,,,,,,,,,,,,,,,280,2,2,,,,,,,,
20180322233732P030004429325001,2006-11-01,2007-10-31,2,,0,0,0,0,0,0,0,1,0,,CIVIL CONSTRUCTORS LIFE PLAN,502,1994-11-01,"CIVIL CONSTRUCTORS, LLC",,,425 DOWNS BOULEVARD,PO BOX 685,FRANKLIN,TN,37065,,,,,,,,,,,,,,,,,,621548890,6152369000,237100,,,,,,,,,,,,,,,,,,,2018-03-15T10:36:49-0500,,,,,,291,282,0,0,282,,,,,,,4B4L,1,0,0,0,1,0,0,0,0,0,0,0,0,1,1,0,0,0,FILING_RECEIVED,2018-03-23,,,,,,1,,,,,,,,,,,,,,,,,305,2,,,2018-03-22T11:00:00-0500,GLENN RIKARD,,,,,
20180315212145P040098941053001,2017-01-01,2017-12-31,2,,0,0,0,0,0,0,0,0,0,,"C&M CONVEYOR, INC. WELFARE BENEFIT PLAN",510,2014-01-01,"C&M CONVEYOR, INC.",,,4598 STATE ROAD 37,,MITCHELL,IN,47446,,,,,,,,,,,,,,,,,,300107585,8128495647,339900,,,,,,,,,,,,,,,,,,,2018-03-15T15:08:08-0500,GARY WILKINSON,2018-03-15T15:08:08-0500,GARY WILKINSON,,,122,201,0,0,201,,,,,,,4A4B4D4E4F4H4Q,1,,,,1,,,,,,,,,1,7,,,,FILING_RECEIVED,2018-03-15,Filed with authorized/valid electronic signature,,Filed with authorized/valid electronic signature,,,1,,,,,,,,,,,,,,,,,122,2,,,,,,,,,
20180327180910P030018284593001,2017-01-01,2017-12-31,2,,0,0,0,0,0,0,0,0,0,,"LAWVISION, INC. PROFIT SHARING 401(K) PLAN",1,2011-01-01,"LAWVISION, INC.",,,P.O. BOX 1572,,MANCHESTER,MA,1944,,,,,,,,,,,,,,,,,,208101902,9785268316,541600,,,,,,,,,,,,,,,,,,,2018-03-15T10:36:49-0500,,,,,,6,4,0,2,6,0,6,6,0,,2A2E2F2G2J2R3D,,0,0,1,0,0,0,1,0,0,0,0,0,1,0,0,0,0,0,FILING_RECEIVED,2018-03-27,,,,,,1,,,,,,,,,,,,,,,,,6,,,,2018-03-27T07:00:00-0500,JAMES A. CRANSTON,,,,,
20180323181646P040013263425001,2017-01-01,2017-12-31,2,,1,0,0,0,0,0,0,0,0,,"MCB ENTERPRISES, INC. PROFIT SHARING PLAN",1,2017-01-01,"MCB ENTERPRISES, INC.",,,5513 E 104TH STREET,,TULSA,OK,74137,,,,,,,,,,,,,,,,,,814824202,9187605612,531390,,,,,,,,,,,,,,,,,,,2018-03-23T09:53:14-0500,MICHAEL BROWN,2018-03-23T09:53:14-0500,MICHAEL BROWN,,,2,2,0,0,2,0,2,2,0,,2A2E2F2G2R3D,,,,1,,,,1,,,,,,1,,,,,,FILING_RECEIVED,2018-03-23,Filed with authorized/valid electronic signature,,Filed with authorized/valid electronic signature,,,1,,,,,,,,,,,,,,,,,2,,,,,,,,,,
20180311181126P030090311869001,2018-01-01,2018-02-20,2,,0,0,1,1,0,0,0,0,0,,"DSCG, INC. 401K PROFIT SHARING PLAN 2018 FILING",1,2016-03-17,"DSCG, INC.",,,322 ROSE FINCH CIRCLE,,HIGHLANDS RANCH,CO,80129,,,,,,,,,,,,,,,,,,811838490,3033463298,541990,,,,,,,,,,,,,,,,,,,2018-03-11T18:02:15-0500,DUNCAN SHIELDS,,,,,1,0,0,0,0,0,0,0,0,,2E2J2K2F2G3D,,0,0,1,0,0,0,1,0,1,0,0,0,1,0,0,0,0,0,FILING_RECEIVED,2018-03-11,Filed with authorized/valid electronic signature,,,,,1,,,,,,,,,,,,,,,,,1,,,,,,,,,,
20180315170756P040098767085002,2017-01-01,2017-12-31,2,,,,,,,,,,,,ANDREW HERRERA II PROFIT SHARING PLAN,3,1998-01-01,ANDREW HERRERA II,,,114 SANTA PAULA AVENUE,,SAN FRANCISCO,CA,941271524,,,,,,,,,,,,,,,,,,943253029,4156649400,531210,,,,,,,,,,,,,,,,,,,2018-02-27T07:27:41-0600,ANDREW HERRERA II,2018-02-27T07:27:41-0600,ANDREW HERRERA II,,,2,2,,,2,,2,2,,,2E3B,,,,1,,,,1,,,,,,1,,,,,,FILING_RECEIVED,2018-03-15,Filed with authorized/valid electronic signature,,Filed with authorized/valid electronic signature,,,1,,,,,,,,,,,,,,,,,2,,,,,,,,,,
20180326155808P040015372983001,2008-07-01,2009-06-30,2,,0,0,0,0,0,0,0,1,0,,"MACON RESOURCES, INC. MEDICAL PLAN",502,1995-07-01,"MACON RESOURCES, INC.",,,2121 HUBBARD AVENUE,,DECATUR,IL,62526,,,,,,,,,,,,,,,,,,371224992,2178751910,624310,,,,,,,,,,,,,,,,,,,2018-03-15T10:36:49-0500,,,,,,100,100,0,0,100,,,,,,,4A,1,0,0,0,1,0,0,0,0,0,0,0,0,1,1,0,0,0,FILING_RECEIVED,2018-03-26,,,,,,1,,,,,,,,,,,,,,,,,100,2,,,2018-03-26T11:00:00-0500,AMY BLIEFNICK,,,,,
20180326182720P030016575681001,2017-01-01,2017-12-31,2,,0,0,0,0,0,0,0,0,0,,"5KGS SECURITY PROFESSIONALS, INC. 401(K) PROFIT SHARING PLAN",1,2013-05-01,"5KGS SECURITY PROFESSIONALS, INC.",,,610 GOLD AVE SW,STE. 222A,ALBUQUERQUE,NM,87102,,,,,,,,,,,,,,,,,,462674340,5052430502,561600,,,,,,,,,,,,,,,,,,,2018-03-26T18:26:12-0500,GREGORY STEEN,,,,,4,5,0,0,5,0,5,3,0,,2E2J2K2H3D,,0,0,1,0,0,0,1,0,0,0,0,0,1,0,0,0,0,0,FILING_RECEIVED,2018-03-26,Filed with authorized/valid electronic signature,,,,,1,,,,,,,,,,,,,,,,,4,,,,,,,,,,
20180320125752P040006180561001,2017-01-01,2017-12-31,2,,0,0,0,0,0,0,0,0,0,,DISANO DENTAL GROUP 401(K) PROFIT SHARING PLAN & TRUST,1,2015-01-01,DISANO DENTAL GROUP,,,390 MAIN STREET,,WAKEFIELD,RI,2879,,,,,,,,,,,,,,,,,,472383022,4017898693,812990,,,,,,,,,,,,,,,,,,,2018-03-20T00:57:49-0500,JOHN E. DISANO,,,,,7,2,0,0,2,0,2,1,0,,2A2E2F2G2J2K2R2T3D,,0,0,1,0,0,0,1,0,0,,,0,1,0,0,0,0,,FILING_RECEIVED,2018-03-20,Filed with authorized/valid electronic signature,,,,,1,,,,,,,,,,,,,,,,,4,,,,,,,,,,
